id;file_name;file_type;file_url;uploaded_date
1;out drafty reprimand;without;plus under drat;2025-07-14T13:58:13
2;below but how;failing inside;urgently;2025-07-13T23:14:02
3;pesky gently barring;skirmish finally foolishly;married when;2025-07-14T05:11:10
4;hatchling;fast dent;of emotional vitamin;2025-07-14T01:51:20
5;jazz;spattering supposing except;alongside;2025-07-14T06:21:10
6;angrily;lonely oof;shortage;2025-07-13T21:01:21
7;sniveling joshingly after;other;blogger thrifty;2025-07-14T11:02:19
8;authorized;ugh slushy past;meaningfully beneath;2025-07-14T10:25:44
9;strange for match;tailspin ram awkwardly;demilitarize hoof;2025-07-14T11:22:52
10;knowingly;properly zowie;while spokeswoman;2025-07-14T04:34:00
