id;name;description;image;image_content_type
1;mound;excluding fondly;../fake-data/blob/hipster.png;image/png
2;who before;down disloyal;../fake-data/blob/hipster.png;image/png
3;command distort chatter;pace slum kneel;../fake-data/blob/hipster.png;image/png
4;variant;fortunately;../fake-data/blob/hipster.png;image/png
5;near randomise;ugh blah canalise;../fake-data/blob/hipster.png;image/png
6;measure;an uncomfortable appall;../fake-data/blob/hipster.png;image/png
7;hastily;ale;../fake-data/blob/hipster.png;image/png
8;equatorial reorient;save asset;../fake-data/blob/hipster.png;image/png
9;frivolous self-assured bouquet;verb burro cruelly;../fake-data/blob/hipster.png;image/png
10;bubble parallel;mellow employ sweetly;../fake-data/blob/hipster.png;image/png
