id;name;email;phone;address;pincode;location
1;briskly;Rafael95@gmail.com;(223) 648-9579;eek;reside;qua arrogantly via
2;ouch;Keith.Walsh38@hotmail.com;758-292-5896 x151;irritably hm;homogenate;inquisitively
3;comedy mother savor;Darrell90@hotmail.com;625.867.6605 x7538;use yet;ack notwithstanding;upon
4;sadly;Yazmin.Turner11@yahoo.com;900.802.9810;openly department seemingly;wetly;nibble
5;inside;Vito.Witting@hotmail.com;848-349-3637 x556;gather squish showy;bleakly longingly;male unloose
6;madly nitrify opposite;Benedict86@gmail.com;925.379.2446 x9729;but distorted;always yuck with;history
7;fair officially;Prudence_Kunze@yahoo.com;1-998-305-6140;properly;but;up boohoo
8;nightgown;Simeon.DuBuque94@gmail.com;1-822-984-7360 x032;disconcert culminate;oleo interestingly consequently;through opposite
9;pace irresponsible wholly;Delbert.Rempel48@hotmail.com;1-647-519-7126 x529;oof waterlogged;likewise brightly;syndrome
10;thyme;Blair_Smith@gmail.com;1-424-422-7037 x16879;deeply champagne furthermore;yahoo detective;ha group
