id;name;company_name;email;phone;address;preferred_contact_time;gst_number;pan_number
1;acoustics phony;costly throughout;Magali72@gmail.com;1-324-578-8135 x27318;multicolored triumph joint;surfboard whimsical;cruelly senior;untimely lost
2;however;vice;Ruben36@gmail.com;1-317-432-9900 x1069;among instead;integer nerve carefree;evidence shabby;jaggedly
3;whoever crossly;ugh until;Garth.Watsica-Hoeger@gmail.com;1-759-541-5465;now mortified yet;till account eek;without;fooey dental gah
4;complete readjust through;bah;Hipolito.Kemmer52@gmail.com;957-816-1585;classmate;cabbage far;furl ballot;why
5;huzzah boohoo;crib citron uncork;Bennett98@gmail.com;1-571-687-2076 x28717;blissful;pfft huzzah;than truly;patent gee mysteriously
6;onto;former provided;Owen_Reichert@gmail.com;(783) 394-1663 x59736;athwart instrumentalist anarchist;willfully full attentive;near smart;alongside
7;off;small;Zackery.Crona@yahoo.com;1-499-902-4275 x09847;yowza uh-huh;wordy as;of hmph;slimy huzzah which
8;gah chronometer phew;droopy smoothly healthy;Stefanie_Reinger39@gmail.com;1-362-818-8854;forenenst;around ouch immediately;furiously;probe
9;disloyal what whereas;knavishly motherly ew;Clay_Dickinson2@yahoo.com;(275) 352-0239 x555;than;mmm loudly thunderous;um whose;worn
10;since without;develop awake coincidence;Jordon59@yahoo.com;580-298-6517 x7824;esteemed despite;religion;what reference;for woodchuck humiliating
